{"Train Loss": 1.029904842376709, "Valid Loss": 0.909953236579895, "Valid Dice": 0.15874150395393372, "Valid Jaccard": 0.0863640233874321, "LR": 0.0019999217112361863, "_timestamp": 1705321749.018846, "_runtime": 94.8350019454956, "_step": 2, "Best Dice": 0.1613904982805252, "Best Jaccard": 0.08793427795171738, "Best Epoch": 1, "_wandb": {"runtime": 92}}