{"Train Loss": 0.8958559632301331, "Valid Loss": 0.8916944265365601, "Valid Dice": 0.15874150395393372, "Valid Jaccard": 0.0863640233874321, "LR": 0.001999913868717618, "_timestamp": 1705322811.0359035, "_runtime": 330.1174533367157, "_step": 9, "Best Dice": 0.15874150395393372, "Best Jaccard": 0.0863640233874321, "Best Epoch": 10, "_wandb": {"runtime": 328}}